f1dbfc7e54009ab87ace33fa8c04cec47a289297,DELETE,regular-file,node_modules/.cache/default-development/0.pack,1120221,
3ddb08a3ddea2aab3889569fcdf68065289c4f3c,DELETE,regular-file,node_modules/.cache/default-development/1.pack,1660223,
a522896415ce9483e7d243adb43f49d693b788bc,DELETE,regular-file,node_modules/.cache/default-development/10.pack,1238511,
e95027871e0f0ed09fe4d30f57d9bd6d1a96f89a,DELETE,regular-file,node_modules/.cache/default-development/11.pack,1638840,
901c7f8bd8bfb6f4cc5928c5c77202f8d032ef64,DELETE,regular-file,node_modules/.cache/default-development/12.pack,478720030,
940e5a5092ac601dfc41f746e2c572c9a3cb321b,DELETE,regular-file,node_modules/.cache/default-development/13.pack,1109919,
cb9b553d717505ba740c15245493b5e6b2765480,DELETE,regular-file,node_modules/.cache/default-development/14.pack,1475631,
4006b7a9bc240d0776653e3251a482cbf794cd61,DELETE,regular-file,node_modules/.cache/default-development/15.pack,1698952,
b9c46e3a4bb04885fc78252bfae255e437a8d87d,DELETE,regular-file,node_modules/.cache/default-development/16.pack,1080271,
dd3367f9933b1ca417c73111b15f00d1e4550c01,DELETE,regular-file,node_modules/.cache/default-development/17.pack,1611577,
934bce5ceebd8b14c251a44a7fe92dbe2564a806,DELETE,regular-file,node_modules/.cache/default-development/18.pack,1183765,
f343cb08a50c57aebe844da8f3a02fd9c8bb26d2,DELETE,regular-file,node_modules/.cache/default-development/19.pack,1097310,
13644e567d4adf8d3b684553b08f9e64ff32e914,DELETE,regular-file,node_modules/.cache/default-development/2.pack,1079410,
787468142ac0eb0fe0c1ff2cf73bed4d50929381,DELETE,regular-file,node_modules/.cache/default-development/20.pack,1190669,
f11b21fa318706a0977171b57cc549d8bca05860,DELETE,regular-file,node_modules/.cache/default-development/21.pack,1599803,
da953a233443c02dbb46158b05bc03fe36995d32,DELETE,regular-file,node_modules/.cache/default-development/22.pack,1574844,
530cba38f0fdfd36e5fc97fc706ceacb34f6b396,DELETE,regular-file,node_modules/.cache/default-development/23.pack,112403,
7966dfa511aef610daf7607db1df47ee7ab757ca,DELETE,regular-file,node_modules/.cache/default-development/24.pack,1998210,
7fe22cf21376ca341037ea38ffdee7b2a50a9b5f,DELETE,regular-file,node_modules/.cache/default-development/25.pack,1474040,
b24c15fef68ab1802a53e13f27905d8187baf10b,DELETE,regular-file,node_modules/.cache/default-development/26.pack,33376326,
a2fe786c700bc39900d6a97d9390ca40cd2ddba6,DELETE,regular-file,node_modules/.cache/default-development/27.pack,531365,
ef77914d519c172f59553dc73c72594970f2e7d1,DELETE,regular-file,node_modules/.cache/default-development/28.pack,1124706,
8dd94cb7ec52d091f263e2c534933d53ccfa0eaa,DELETE,regular-file,node_modules/.cache/default-development/29.pack,10641104,
77dab3be01ce052b00e962c448cccdc65dc05a66,DELETE,regular-file,node_modules/.cache/default-development/3.pack,1112043,
ca086337454f43008236f8949084fb6e8c6c6b3a,DELETE,regular-file,node_modules/.cache/default-development/30.pack,478565079,
264035453106f507b0745731159235ef80e152bc,DELETE,regular-file,node_modules/.cache/default-development/31.pack,3126352,
601bf1d52f98159520559d3927ad74205d613da4,DELETE,regular-file,node_modules/.cache/default-development/32.pack,1136919,
8e24025c49d94ec2490bd1d4b4732e273ddbf166,DELETE,regular-file,node_modules/.cache/default-development/33.pack,110098,
b9f09b29d2221b1cd8d2f8349651bd234f670fed,DELETE,regular-file,node_modules/.cache/default-development/34.pack,109244,
813e562e5dd8cb506fdaefd547b1f0f095e8daa6,DELETE,regular-file,node_modules/.cache/default-development/35.pack,109430,
7e0536549ff3f1782dddf3c810fca962edc3ec3b,DELETE,regular-file,node_modules/.cache/default-development/36.pack,111608,
2f157838ed9bbf3b3e0a181368227fba51409c8b,DELETE,regular-file,node_modules/.cache/default-development/37.pack,181511,
43f600b615889c85026f943410c37580073d7dad,DELETE,regular-file,node_modules/.cache/default-development/38.pack,84387,
46d6ba0492b7ae70f2475ff0102b5b9d06f627e5,DELETE,regular-file,node_modules/.cache/default-development/4.pack,10326872,
99682decdef951fe2e730f1762b1bdcb5f4019be,DELETE,regular-file,node_modules/.cache/default-development/5.pack,1259195,
d8f8266157ea167bfd513f04b11a12dd333c1510,DELETE,regular-file,node_modules/.cache/default-development/6.pack,1140400,
252ffd4068fb02eed3eee98db74c3769b8052f5f,DELETE,regular-file,node_modules/.cache/default-development/7.pack,1105368,
27cb0c73b3ef9bf5f5e244eb4900f287d59ea762,DELETE,regular-file,node_modules/.cache/default-development/8.pack,2098138,
deab820db64fbf300c5a30b54c4d9dbab0531eae,DELETE,regular-file,node_modules/.cache/default-development/9.pack,1055153,
7ff2348e3ca4e7a2457257ce1ffc5cd7a90d1659,DELETE,regular-file,node_modules/.cache/default-development/index.pack,3409676,
